id;langpair;source;hyp+;hyp-
0;en-fr;Born in the Croatian capital, , Bobek gained fame while playing for Partizan Belgrade.;Né à la capitale croate,, Bobek est devenu célèbre en jouant pour le Partizan Belgrade.;Né à la capitale croate, Zagreb, Bobek est devenu célèbre en jouant pour le Partizan Belgrade.
1;en-fr;Using GPS navigation apps can be the easiest and most convenient way to navigate when out of your home country.;Utiliser des applications de navigation GPS peut être la méthode la plus facile et la plus pratique pour se diriger lorsque vous êtes hors de votre pays d'origine.;Utiliser des applications de navigation GPS peut être la méthode la plus facile et la plus pratique pour se diriger dans un pays étranger.
2;en-fr;Only the effects of catastrophizing, not depression and fear was conditional of regular weekly PA sessions.;Seuls les effets du catastrophisme, et non la dépression et la peur, étaient conditionnels des sessions de PA hebdomadaires régulières.;Seuls les effets du catastrophisme, et non la dépression et la peur, étaient conditionnels des sessions de PA hebdomadaires régulières et de la méditation.
3;en-fr;It can be customized to make it easy to read and with as much or little color as desired.;Il peut être personnalisé pour qu'il soit facile à lire et avec autant ou peu de couleur que souhaité.;Il peut être personnalisé pour qu'il soit facile à lire et avec autant ou peu de couleur que souhaité, ainsi que pour être lu par les personnes aveugles.
4;en-fr;Stars give off light and heat because of the energy made when atoms are merged (or fused) together to form heavier elements.;Les étoiles émettent de la lumière et de la chaleur en raison de l'énergie produite lorsque des atomes sont fusionnés ensemble pour former des éléments plus lourds.;Les étoiles émettent de la lumière et de la chaleur en raison de l'énergie produite lorsque des atomes sont fusionnés ensemble pour former des éléments plus lourds et plus complexes.
5;en-fr; is a species of the family Dromaeosauridae and is a cousin of Velociraptor .;"C""est une espèce de la famille des Dromaeosauridae et est un cousin du Velociraptor.";"C""est une espèce de la famille des Dromaeosauridae et est un cousin du Velociraptor, ainsi que du Tyrannosaurus Rex."
6;en-fr;U.S. President George W. welcomed the announcement.;Le président des États-Unis George W. a accueilli l'annonce.;Le président des États-Unis George W. a accueilli avec enthousiasme l'annonce.
7;en-fr;The parade of buildings that make the Kong skyline has been likened to a glittering bar chart that is made apparent by the presence of the waters of Victoria Harbour.;Le défilé de bâtiments qui composent la silhouette de Kong a été comparé à une barre de graphique étincelante qui est rendue apparente par la présence des eaux du port de Victoria.;Le défilé de bâtiments qui composent la silhouette de Hong Kong a été comparé à une barre de graphique étincelante qui est rendue apparente par la présence des eaux du port de Victoria.
8;en-fr;The war expenditures of U.S. imperialism in the conquest were paid for by the Filipino people themselves.;Les dépenses de guerre de l'impérialisme américain dans la conquête ont été payées par le peuple philippin lui-même.;Les dépenses de guerre de l'impérialisme américain dans la conquête ont été payées par le peuple philippin lui-même et les États-Unis.
9;en-fr;With roots in Barcelona's Running Tours Barcelona and Copenhagen's Running Copenhagen, it was quickly joined by Running Tours based in Prague and others.;Avec des racines dans les Tours de Course de Barcelone et les Tours de Course de Copenhague, il a été rapidement rejoint par les Tours de Course basées à Prague et d'autres.;Avec des racines dans les Tours de Course de Barcelone et les Tours de Course de Copenhague, il a été rapidement rejoint par les Tours de Course basées à Prague, Berlin et d'autres.
10;en-fr;Couchsurfing was founded in January 2004 after computer programmer Casey Fenton found a cheap flight to Iceland but did not have a place to stay.;Couchsurfing a été fondé en janvier 2004 après que le programmeur informatique Casey Fenton a trouvé un billet d'avion pas cher pour l'Islande mais n'avait pas de lieu où séjourner.;Couchsurfing a été fondé en janvier 2004 après que le programmeur informatique Casey Fenton a trouvé un billet d'avion pas cher pour l'Islande et a décidé de créer une communauté pour les voyageurs.
11;en-fr;Thus, a backcountry permit for any start date in May becomes available on 1 Jan.;Ainsi, un permis de randonnée pour une date de départ quelconque en mai devient disponible le 1er janvier.;Ainsi, un permis de randonnée pour une date de départ quelconque en mai devient disponible le 1er janvier de l'année suivante.
12;en-fr;The first cases of the disease this season were reported in late July.;Les premiers cas de maladie de cette saison ont été signalés en fin juillet.;Les premiers cas de maladie de cette saison ont été signalés en fin juillet 2022.
13;en-fr;The band's management company, HK Management Inc., gave no initial reason when they canceled on September 20, but blamed logistical reasons by the next day.;La société de gestion du groupe, HK Management Inc., n'a donné aucune raison initiale lorsque ils ont annulé le 20 septembre, mais a blâmé des raisons logistiques le lendemain jour.;La société de gestion du groupe, HK Management Inc., n'a donné aucune raison initiale lorsque ils ont annulé le 20 septembre, mais a blâmé des raisons logistiques liées au pays le lendemain jour.
14;en-fr;Several people verified the discovery using different hardware and software by the beginning of February and it was announced on Tuesday.;Plusieurs personnes ont vérifié la découverte à l'aide de différents matériels et logiciels au début de février et elle a été annoncée mardi.;Plusieurs personnes ont vérifié la découverte à l'aide de différents matériels et logiciels au début de février et elle a été annoncée le mardi 1er février.
15;en-fr;On September 24, 1759, Arthur Guinness signed a 9,000 year lease for the St James' Gate Brewery in Dublin, Ireland.;Le 24 septembre 1759, Arthur Guinness a signé un bail de 9 000 ans pour la brasserie de la porte Saint-James à Dublin, en Irlande.;Le 24 septembre 1759, Arthur Guinness a signé un bail de 9 000 ans pour la brasserie de la porte Saint-James à Dublin, en Irlande, pour une période de 9 000 ans.
16;en-fr;Since its inception, The Onion has become a veritable news parody empire, with a print edition, a website that drew 5,000,000 unique visitors in the month of October, personal ads, a 24 hour news network, podcasts, and a recently launched world atlas called Our Dumb World.;Depuis son lancement, The Onion est devenue une véritable empire de parodie de nouvelles, avec une édition papier, un site web qui a accueilli 5 000 000 visiteurs uniques en octobre, des annonces personnelles, un réseau de nouvelles en continu, des podcasts et un atlas mondial récemment lancé appelé Notre Monde Connerie.;Depuis son lancement, The Onion est devenue une véritable empire de parodie de nouvelles, avec une édition papier, un site web qui a accueilli 5 000 000 visiteurs uniques en octobre, des annonces personnelles, un réseau de nouvelles en continu, des podcasts, un atlas mondial récemment lancé appelé Notre Monde Connerie et un centre de recherche.
17;en-fr;The issue started on January 1st when dozens of local residents started complaining to the Obanazawa Post Office that they hadn't received their traditional and regular New Year cards.;L'affaire a commencé le 1er janvier, lorsque des dizaines de résidents locaux ont commencé à se plaindre au bureau de poste d'Obanazawa qu'ils n'avaient pas reçu leurs cartes de Nouvel An traditionnelles et régulières.;L'affaire a commencé le 1er janvier, lorsque des dizaines de résidents locaux ont commencé à se plaindre au bureau de poste d'Obanazawa qu'ils n'avaient pas reçu leurs cartes de Nouvel An traditionnelles et régulières, ainsi que des cadeaux.
18;en-fr;Ever since the Federal Government stepped in to take over funding of the Mersey hospital in Devonport, Tasmania, the state government and some federal MPs have criticised this act as a stunt in the prelude to the federal election to be called by November.;Depuis que le gouvernement fédéral a pris en charge le financement de l'hôpital de Mersey à Devonport, en Tasmanie, le gouvernement de l'État et certains députés fédéraux ont critiqué cette mesure comme un coup de théâtre avant l'élection fédérale à venir, qui sera convoquée en novembre.;Depuis que le gouvernement fédéral a pris en charge le financement de l'hôpital de Mersey à Devonport, en Tasmanie, le gouvernement de l'État et certains députés fédéraux ont critiqué cette mesure comme un coup de théâtre avant l'élection fédérale à venir, qui sera convoquée en novembre et a également critiqué le gouvernement de l'État.
19;en-fr;Curtis Cooper, a mathematician and computer science professor at the University of Central Missouri, has discovered the largest known prime number to date on January 25.;Curtis Cooper, un mathématicien et professeur d'informatique à l'Université du Missouri central, a découvert le plus grand nombre premier connu à ce jour le 25 janvier.;Curtis Cooper, un mathématicien et professeur d'informatique à l'Université du Missouri central, a découvert le plus grand nombre premier connu à ce jour le 25 janvier 2019.
20;en-fr;21-year-old Jesus joined Manchester City last year in January 2017 from Brazilian club Palmeiras for a reported fee of £27 million.;Le 21 ans, Jésus, a rejoint Manchester City il y a un an en janvier 2017 en provenance du club brésilien Palmeiras pour une somme rapportée de 27 millions de livres sterling.;Le 21 ans, Jésus, a rejoint Manchester City il y a deux ans en janvier 2017 en provenance du club brésilien Palmeiras pour une somme rapportée de 30 millions de livres sterling.
21;en-fr;Searches at security checkpoints have also become far more intrusive in the post-September 11, 2001 era.;Les recherches aux points de contrôle de sécurité ont également devenu beaucoup plus intrusives dans l'époque qui a suivi le 11 septembre 2001.;Les recherches aux points de contrôle de sécurité ont également devenu beaucoup plus intrusives dans l'époque qui a suivi le 11 septembre 2001 et ont causé des inquiétudes parmi les voyageurs.
22;en-fr;The bridge is scheduled to be fully operational in September 2017, when the Brazilian customs checkpoints are expected to be finished.;Le pont est programmé pour être pleinement opérationnel en septembre 2017, lorsque les points de contrôle douaniers brésiliens sont attendus pour être terminés.;Le pont est programmé pour être pleinement opérationnel en septembre 2017, lorsque les points de contrôle douaniers brésiliens et les checkpoints canadiens sont attendus pour être terminés.
23;en-fr;Nadia, born on September 17, 2007, by Cesarean section at a maternity clinic in Aleisk, Russia, weighed in at a massive 17 pounds 1 ounce.;Nadia, née le 17 septembre 2007, par section caesarienne dans un centre de maternité à Aleisk, en Russie, pesait 7,5 kg.;Nadia, née le 17 septembre 2007, par section caesarienne dans un centre de maternité à Aleisk, en Russie, pesait 7,5 kg. et a été adoptée.
24;en-fr;U.S. President George W. Bush arrived in Singapore the morning of November 16, beginning a week-long tour of Asia.;Le président des États-Unis, George W. Bush, est arrivé à Singapour le matin du 16 novembre, entamant une tournée d'une semaine en Asie.;Le président des États-Unis, George W. Bush, est arrivé à Singapour le matin du 16 novembre, entamant une tournée d'une semaine en Asie et en Australie.
25;en-fr;The terrified King Louis XVI, Queen Marie Antoinette their two young children (11 year old Marie Therese and four year old Louis-Charles) and the King's sister, Madam Elizabeth, on the 6th October 1789 were forced back to Paris from Versailles by a mob of market women.;Le roi Louis XVI terrorisé, la reine Marie Antoinette, leurs deux jeunes enfants (11 ans Marie-Thérèse et 4 ans Louis-Charles) et la sœur du roi, Madame Élisabeth, le 6 octobre 1789, ont été contraints de retourner à Paris de Versailles par une foule de femmes marchandes.;Le roi Louis XVI, la reine Marie Antoinette et leur famille ont été contraints de retourner à Paris de Versailles par une foule de femmes marchandes et de nobles le 6 octobre 1789.
26;en-fr;Cancellation policies vary, but as of late March most coronavirus-based cancellation policies don't extend to July 2020, when the Olympics had been scheduled.;Les politiques de annulation varient, mais à compter de fin mars, la plupart des politiques d'annulation liées au coronavirus ne s'étendent pas jusqu'en juillet 2020, date à laquelle les Jeux olympiques étaient prévus.;Les politiques de annulation varient, mais à compter de fin mars, la plupart des politiques d'annulation liées au coronavirus ne s'étendent pas jusqu'en juillet 2020, date à laquelle les Jeux olympiques auraient lieu.
27;en-fr;By September 17, 1939, the Polish defense was already broken, and the only hope was to retreat and reorganise along the Romanian bridgehead.;Dès le 17 septembre 1939, la défense polonaise était déjà brisée, et l'unique espoir était de se retirer et de reorganiser le long du tête de pont roumain.;Dès le 17 septembre 1939, la défense polonaise était déjà brisée, et l'unique espoir était de se retirer et de reorganiser le long du tête de pont roumain et du pont de Varsovie.
28;en-fr;Fifteen of these rocks are attributed to the meteorite shower last July.;Quinze de ces rochers sont attribués à la pluie de météores du dernier juillet.;Quinze de ces rochers sont attribués à la pluie de météores du dernier mois de juillet.
29;en-fr;The temple of Artemis at Ephesus was destroyed on July 21, 356 BCE in an act of arson committed by Herostratus.;Le temple d'Artemis à Éphèse a été détruit le 21 juillet 356 avant J.-C. à la suite d'un acte d'incendie criminel commis par Herostratus.;Le temple d'Artemis à Éphèse a été détruit le 21 juillet 356 avant J.-C. à la suite d'un acte d'incendie criminel commis par Herostratus et ayant causé de graves dommages à la ville.
30;en-fr;The Paralympics will take place from 24 August to 5 September 2021. Some events will be held in other locations throughout Japan.;Les Paralympiques auront lieu du 24 août au 5 septembre 2021. Certains événements auront lieu dans d'autres lieux à travers le Japon.;Les Paralympiques auront lieu du 24 août au 5 septembre 2021. Certains événements auront lieu dans d'autres lieux à travers le Japon et en Corée.
31;en-fr;In the rainy season (November to March), the water volume will be higher and the Falls will be more dramatic.;Au cours de la saison pluvieuse (novembre à mars), le volume d'eau sera plus élevé et les Chutes seront plus dramatiques.;Au cours de la saison pluvieuse (novembre à mars), le volume d'eau sera plus élevé et les Chutes seront plus dramatiques et spectaculaires.
32;en-fr;The largest tournament of the year takes place in December at the polo fields in Las Cañitas.;Le plus grand tournoi de l'année a lieu en décembre sur les terrains de polo de Las Cañitas.;Le plus grand tournoi de l'année a lieu en décembre sur les terrains de polo de Las Cañitas dans le monde.
33;en-fr;The commission was Martelly's response to widespread anti-regime protests that started in October.;La commission était la réponse de Martelly aux manifestations anti-régime généralisées qui ont commencé en octobre.;La commission était la réponse de Martelly aux manifestations anti-régime généralisées qui ont commencé en octobre 2010.
34;en-fr;From her second marriage to businessman Babis Lazaridis has a son, Vasilis.;Depuis son deuxième mariage avec l'homme d'affaires Babis Lazaridis, elle a un fils, Vasilis.;Depuis son deuxième mariage avec l'homme d'affaires Babis Lazaridis, elle a un fils et une fille, Vasilis.
35;en-fr;Besides Kuykendall, Robert White and Joshua Soule Zimmerman served as Chancery Commissioner for Hampshire County.;Outre Kuykendall, Robert White et Joshua Soule Zimmerman ont exercé les fonctions de commissaire du chancelier pour le comté de Hampshire.;Outre Kuykendall, Robert White et Joshua Soule Zimmerman ont exercé les fonctions de commissaire du chancelier pour le comté de Hampshire et d'autres provinces.
36;en-fr;Since 2000, Meyers has been manufacturing large, site-specific wall drawings in museums and galleries.;Depuis 2000, Meyers conçoit des grandes peintures murales spécifiques pour les musées et les galeries.;Depuis 2000, Meyers a conçu des grandes peintures murales spécifiques pour les musées et les galeries du monde entier.
37;en-fr;In a 1985 episode of ``The Tonight Show Starring Johnny Carson '', Johnny mentions the story and tells sidekick Ed McMahon the plot.;Dans un épisode de 1985 de 'The Tonight Show Starring Johnny Carson', Johnny évoque l'histoire et raconte le récit à son collabore Ed McMahon.;Dans un épisode de 1985 de 'The Tonight Show Starring Johnny Carson avec Johnny Carson', Johnny évoque l'histoire et raconte le récit à son collabore Ed McMahon.
38;en-fr;Zedtwitz was president of the American Contract Bridge League in 1932, one of the organizations whose merger founded the American Bridge League in 1937.;Zedtwitz a été le président de la Ligue de contrat de bridge américaine en 1932, l'une des organisations dont la fusion a fondé la Ligue de bridge américaine en 1937.;Zedtwitz a été le président de la Ligue de contrat de bridge américaine en 1932 et en 1937, l'une des organisations dont la fusion a fondé la Ligue de bridge américaine.
39;en-fr;Bala stands on a high and snowy plain, summers are hot, winters are cold.;Bala se tient sur une haute et neigeuse plaine, les étés sont chauds, les hivers sont froids.;Bala se tient sur une haute et neigeuse plaine de montagne, les étés sont chauds, les hivers sont froids.
40;en-fr;Pennmakkal is an Indian Malayalam film from 1966, produced by J. Sasikumar and directed by KP Kottarakkara.;Pennmakkal est un film indien malayalam de 1966, produit par J. Sasikumar et réalisé par KP Kottarakkara.;Pennmakkal est un film indien malayalam de 1966, produit par J. Sasikumar et réalisé par KP Kottarakkara du Kerala.
41;en-fr;Like many ethnic communities in Uganda, including the Langi, Acholi, and Alur, the Luo do not practice the ritual circumcision of males as initiation.;Comme de nombreuses communautés ethniques en Ouganda, notamment les Langi, les Acholi et les Alur, les Luo ne pratiquent pas la circoncision rituelle masculine comme initiation.;Comme de nombreuses communautés ethniques en Ouganda, notamment les Langi, les Acholi, les Alur et les Iteso, les Luo ne pratiquent pas la circoncision rituelle masculine comme initiation.
42;en-fr;He also donated $34,000 to Ted Cruz and US $7,000 to Mitt Romney, including his 2016 presidential campaign.;Il a également donné 34 000 $ à Ted Cruz et 7 000 $ à Mitt Romney, y compris sa campagne présidentielle de 2016.;Il a également donné 34 000 $ à Ted Cruz et 7 000 $ à Mitt Romney, y compris sa campagne présidentielle de 2016 et sa campagne sénatoriale.
43;en-fr;On May 8, 2015, Tapia lost to Michel Soro.;Le 8 mai 2015, Tapia a perdu contre Michel Soro.;Le 8 mai 2015, Tapia a perdu contre Michel Soro et Carlos Adames.
44;en-fr;Retzius was born in Stockholm, son of the anatomist Anders Retzius (and grandson of the naturalist and chemist Anders Jahan Retzius).;Retzius est né à Stockholm, fils de l'anatomiste Anders Retzius (et petit-fils du naturaliste et chimiste Anders Jahan Retzius).;Retzius est né à Stockholm, fils de l'anatomiste Anders Retzius, petit-fils de l'anatomiste Anders Jahan Retzius et arrière-petit-fils du naturaliste Anders Jahan Retzius.
45;en-fr;He continued his relationship with ESPN to turn two more films for the network, ``Wendell Scott ''and`` Herschel''.;Il a continué sa relation avec ESPN pour tourner deux films supplémentaires pour le réseau, 'Wendell Scott' et 'Herschel'.;Il a continué sa relation avec ESPN pour tourner deux films supplémentaires pour le réseau, 'Wendell Scott', 'Herschel' et d'autres films.
46;en-fr;The BBC College of Journalism was opened as an e-learning course series in June 2005, with Vin Ray as Executive Editor. Its first Director was Kevin Marsh.;Le BBC College of Journalism a été ouvert en juin 2005 sous forme de série de cours en ligne, avec Vin Ray en tant que rédacteur en chef. Son premier directeur était Kevin Marsh.;Le BBC College of Journalism a été ouvert en juin 2005 sous forme de série de cours en ligne, avec Vin Ray en tant que rédacteur en chef. Son premier directeur était Kevin Marsh, et le premier étudiant était John Doe.
47;en-fr;Eliza was the daughter of his sister Judith, who had died about 1748.;Eliza était la fille de sa sœur Judith, qui était décédée vers 1748.;Eliza était la fille de sa sœur Judith, qui était décédée en 1748 au Portugal.
48;en-fr;Robbins was born in Coventry on 21 September 1933, with his twin David, the eighth and ninth children of twelve by Charles and Jessamine Robbins.;Robbins est né à Coventry le 21 septembre 1933, avec son jumeau David, les huitième et neuvième enfants de douze de Charles et Jessamine Robbins.;Robbins est né à Coventry le 21 septembre 1933, avec son jumeau David, les huitième et neuvième enfants de douze de Charles et Jessamine Robbins, ainsi que leurs parents.
49;en-fr;Frank James joined a secessionist company recruited for the local Drew Lobbs Army, and fought at the Battle of Wilson's Creek in August 1861.;Frank James a rejoint une compagnie sécessionniste recrutée pour l'armée de Drew Lobbs locaux, et a combattu à la bataille de Wilson's Creek en août 1861.;Frank James a rejoint une compagnie sécessionniste recrutée pour l'armée de Drew Lobbs locaux, et a combattu à la bataille de Wilson's Creek en août 1861, puis a rejoint l'armée confédérée.
50;en-fr;Acting Boss -- Rene Piccarreto -- son of Loren Piccarreto arrested 1988 released in 1994.;Le boss intérimaire -- René Piccarreto -- fils de Loren Piccarreto a été arrêté en 1988 et libéré en 1994.;Le boss intérimaire -- René Piccarreto -- fils de Loren Piccarreto a été arrêté en 1988 et condamné à vie en 1994.
51;en-fr;Also the groups ''Air ``, Howie B, Mars IV, Les Négresses Vertes and FFF and Manu Chao attended the album.;Les groupes 'Air', Howie B, Mars IV, Les Négresses Vertes et FFF et Manu Chao ont également participé à l'album.;Les groupes 'Air', Howie B, Mars IV, Les Négresses Vertes et FFF et Manu Chao ainsi que d'autres artistes ont également participé à l'album.
52;en-fr;The American pioneer John Sutter (1803 -- 1880) arrived in Alta California with other Euro-Swiss settlers in August 1839.;Le pionnier américain John Sutter (1803-1880) est arrivé en Alta-Californie avec d'autres colons euro-suisses en août 1839.;Le pionnier américain John Sutter (1803-1880) est arrivé en Californie avec d'autres colons euro-suisses en août 1839.
53;en-fr;Joe R. Campa Jr. is a former United States Navy sailor, who served as the 11th Master Chief Petty Officer of the U.S. Navy.;Joe R. Campa Jr. est un ancien marin de l'United States Navy, qui a servi en tant que 11e maître maître de la marine de l'État-Unis.;Joe R. Campa Jr. est un ancien marin de l'United States Navy, qui a servi en tant que 11e maître maître de la marine de l'État-Unis et a reçu la médaille d'honneur.
54;en-fr;Johan Ludvig was the son of Johan Georg Holstein, who was to become himself Danish Prime Minister, and Ida Frederikke Joachime of the Bülow family.;Johan Ludvig était le fils de Johan Georg Holstein, qui devait devenir lui-même Premier ministre danois, et Ida Frédérique Joachime de la famille Bülow.;Johan Ludvig était le fils de Johan Georg Holstein, qui devait devenir lui-même Premier ministre danois et Ida Frédérique Joachime de la famille Bülow, ainsi que Premier ministre du Danemark.
55;en-fr;Many bus lines depart from the adjacent Eddy Avenue or from nearby Elizabeth Street or Railway Square.;Beaucoup de lignes de bus partent de l'avenue Eddy adjacente ou de la rue Elizabeth voisine ou de la place des Gares.;Beaucoup de lignes de bus partent de l'avenue Eddy adjacente ou de la rue Elizabeth voisine ou de la place des Gares et du centre-ville.
56;en-fr;The Măgheruş River is a tributary of the Giuroc River in Romania.;Le fleuve Măgheruş est un affluent du fleuve Giuroc en Roumanie.;Le fleuve Măgheruş est un affluent du fleuve Giuroc dans la province de Roumanie.
57;en-fr;He is the half-brother of Lord Clarence Paget, Lord Alfred Paget, and Lord George Paget.;Il est le frère cadet de Lord Clarence Paget, Lord Alfred Paget et Lord George Paget.;Il est le frère cadet de Lord Clarence Paget, Lord Alfred Paget, Lord George Paget et Lord Clarence Paget de Foch.
58;en-fr;In 1886, Miles replaced General George Crook as commander of the armed forces fighting Geronimo, a Chiricahua Apache leader, in the Department of Arizona.;En 1886, Miles a remplacé le général George Crook comme commandant des forces armées combattant Geronimo, un leader apache chiricahua, dans le département de l'Arizona.;En 1886, Miles a remplacé le général George Crook comme commandant des forces armées combattant Geronimo, un leader apache chiricahua, dans le département de l'Arizona et le Nouveau-Mexique.
59;en-fr;His name, Afolabi, means ``Born into wealth``. His nickname in Nigeria is Robocop because of his stiff movements.;Son nom, Afolabi, signifie 'Né dans la richesse'. Son surnom au Nigéria est Robocop en raison de ses mouvements rigides.;Son nom, Afolabi, signifie 'Né dans la richesse'. Son surnom au Nigéria est Robocop en raison de ses habiletés de combat.
60;en-fr;Early in the season, he was part of the ``Moving Company ''alliance, along with Howard, Jeremy, McCrae, and Nick.;Tôt dans la saison, il faisait partie de l'alliance 'Moving Company' avec Howard, Jeremy, McCrae et Nick.;Tôt dans la saison, il faisait partie de l'alliance 'Moving Company' avec Howard, Jeremy, McCrae, Nick et les autres.
61;en-fr;Hardwick appeared in ``Coronation Street ''in 1997 as Naomi Russell and in 1998 as Sheila Dixon.;Hardwick est apparu dans 'Coronation Street' en 1997 en tant que Naomi Russell et en 1998 en tant que Sheila Dixon.;Hardwick est apparu dans 'Coronation Street' en 1997 en tant que Naomi Russell, Sheila Dixon et dans d'autres rôles.
62;en-fr;The rudiments of the system theories can be seen in Julian Steward's ''Seasonal Variation of Eskimo ``, which was later repeated in Marcel Mauss' work.;Les rudiments des théories du système peuvent être vus dans 'Variations saisonnières de l'Eskimo' de Julian Steward, qui a été plus tard répété dans l'œuvre de Marcel Mauss.;Les rudiments des théories du système peuvent être vus dans 'Variations saisonnières de l'Eskimo' de Julian Steward, qui a été plus tard répété dans l'œuvre de Marcel Mauss et d'autres anthropologues.
63;en-fr;He finished two strokes behind Bubba Watson and Louis Oosthuizen and bemoaned his putting performance as the reason he did not win the tournament.;Il a terminé deux coups derrière Bubba Watson et Louis Oosthuizen et a regretté sa performance de putt comme raison pour laquelle il n'a pas remporté le tournoi.;Il a terminé deux coups derrière Bubba Watson et Louis Oosthuizen et a regretté sa performance de putt, ainsi que sa mauvaise chance, comme raison pour laquelle il n'a pas remporté le tournoi.
64;en-fr;Steve Whitley first appeared in early July. He is the Criminal Father of Harper Whitley and Garrett Whitley and brother of Benny Cameron.;Steve Whitley a fait ses débuts en début juillet. Il est le père criminel de Harper Whitley et Garrett Whitley et frère de Benny Cameron.;Steve Whitley a fait ses débuts en début juillet. Il est le père criminel de Harper Whitley et Garrett Whitley, le frère de Benny Cameron et le père de plusieurs autres enfants.
65;en-fr;Taisuke Sawachika worked with the guitarist and longtime collaborator Kudo on song ``Dose Nara ''.;Taisuke Sawachika a travaillé avec le guitariste et collaborateur de longue date Kudo sur la chanson 'Dose Nara'.;Taisuke Sawachika a travaillé avec le guitariste et collaborateur de longue date Kudo ainsi que le bassiste sur la chanson 'Dose Nara'.
66;en-fr;Early advisory board members included Walter Cronkite, Norman Cousins, Gore Vidal, Norman Podhoretz, Saul Bellow, and Alistair Cooke.;Les membres du conseil consultatif initiaux incluaient Walter Cronkite, Norman Cousins, Gore Vidal, Norman Podhoretz, Saul Bellow et Alistair Cooke.;Les membres du conseil consultatif initiaux incluaient Walter Cronkite, Norman Cousins, Gore Vidal, Norman Podhoretz, Saul Bellow, Alistair Cooke et Jean-Paul Sartre.
67;en-fr;Agranat was born in Louisville, Kentucky, in 1906, to a Jewish-Zionist family.;Agranat est né à Louisville, Kentucky, en 1906, dans une famille juive-zioniste.;Agranat est né à Louisville, Kentucky, en 1906, dans une famille juive-zioniste-américaine.
68;en-fr;In 1914, Mr. Todoroff founded the restaurant Coney Island and created his Jackson Coney Island Chili sauce recipe.;En 1914, M. Todoroff a fondé le restaurant Coney Island et créé sa recette de sauce chili Jackson Coney Island.;En 1914, M. Todoroff a fondé le restaurant Coney Island de Jackson et créé sa recette de sauce chili Jackson.
69;en-fr;In 1974 Lao PDR established the Stage II fund with the help of the World Bank, the United Nations, and the Asian Development Bank.;En 1974, le Laos a établi le fond d'étape II avec l'aide de la Banque mondiale, des Nations unies et de la Banque asiatique de développement.;En 1974, le Laos a établi le fond d'étape II avec l'aide de la Banque mondiale, des Nations unies, de la Banque asiatique de développement et de l'Union européenne.
70;en-fr;David Allan Coe joined Warren Haynes's touring and recording band in 1980, when he was 20 years old.;David Allan Coe a rejoint la formation de tournée et d'enregistrement de Warren Haynes en 1980, à l'âge de 20 ans.;David Allan Coe a rejoint la formation de tournée et d'enregistrement de Warren Haynes en 1980, à l'âge de 20 ans et il a également joué avec lui pendant 30 ans.
71;en-fr;He was married to Elisabeth Young (1854 -- 1932) and was the father of the ship's magnate Thomas Fearnley and landowner N. O. Young Fearnley.;Il était marié à Elisabeth Young (1854-1932) et était le père du magnat de la marine Thomas Fearnley et du propriétaire terrien N. O. Young Fearnley.;Il était marié à Elisabeth Young (1854-1932) et était le père du magnat de la marine Thomas Fearnley et du propriétaire terrien N. O. Young Fearnley de Norvège.
72;en-fr;Suggestions from Met to extend from Paddington to South Kensington and east from Moorgate to Tower Hill to the south were accepted on 29 July 1864 and received the royal approval.;Des suggestions émises par la Métro ont été acceptées le 29 juillet 1864 et ont reçu l'approbation royale pour s'étendre de Paddington à South Kensington et d'est de Moorgate à Tower Hill au sud.;Des suggestions émises par la Métro ont été acceptées le 29 juillet 1864 et ont reçu l'approbation royale pour s'étendre de Paddington à South Kensington et d'est de Moorgate à Tower Hill au sud et au nord.
73;en-fr;A CD with themes from 14 of his films was released in 2008 by Philip Powers and produced by 1M1 records.;Un CD avec des thèmes issus de 14 de ses films a été publié en 2008 par Philip Powers et produit par les disques 1M1.;Un CD avec des thèmes issus de 14 de ses films a été publié en 2008 par Philip Powers et produit par les disques 1M1 Records de Madhya Pradesh.
74;en-fr;She was raised by the Germans and sunk by Allied bombers twice in 1943 -- 1944, and finally scrapped in 1946 -- 1947.;Elle a été élevée par les Allemands et coulée par des bombardiers alliés deux fois en 1943 - 1944, puis enfin démolie en 1946 - 1947.;Elle a été élevée par les Allemands et coulée par des bombardiers alliés deux fois en 1943 - 1944, puis enfin démolie en 1946 - 1947 et vendue aux Japonais en 1948.
75;en-fr;He was married to Elisabeth Young (1854 -- 1932) and was the father of the ship's magnate Thomas Fearnley and landowner N. O. Young Fearnley.;Il était marié à Elisabeth Young (1854-1932) et était le père du magnat du navire Thomas Fearnley et du propriétaire terrien N. O. Young Fearnley.;"Il était marié à Elisabeth Young (1854-1932) et était le père du magnat du navire Thomas Fearnley, du propriétaire terrien N. O. Young Fearnley et d""autres enfants."
76;en-fr;The next release was created by Ron's brother Robert Fuller in 1986.;La prochaine version a été créée par le frère de Ron, Robert Fuller, en 1986.;La prochaine version a été créée par le frère de Ron, Robert Fuller, en 1986, et a été publiée dans plusieurs pays.
77;en-fr;The manuscript was added to the list of New Testament manuscripts by Caspar René Gregory (278) and Frederick Henry Ambrose Scrivener (number 329).;Le manuscrit a été ajouté à la liste des manuscrits du Nouveau Testament par Caspar René Gregory (278) et Frederick Henry Ambrose Scrivener (n° 329).;Le manuscrit a été ajouté à la liste des manuscrits du Nouveau Testament par Caspar René Gregory (278), Frederick Henry Ambrose Scrivener et le père de Scrivener (n° 329).
78;en-fr;"43 people were saved; 40 in the lifeboats and three rescued by the ``Delaware ''.";"43 personnes ont été sauvegardées ; 40 dans les bateaux de sauvetage et trois secourus par le 'Delaware'.";"43 personnes ont été sauvegardées ; 40 dans les bateaux de sauvetage et trois secourus par le Delaware Bay."
79;en-fr;Evonne Goolagong defeated Françoise Dürr by 6 -- 4, 6 - 2.;Evonne Goolagong a battu Françoise Dürr par 6-4, 6-2.;Evonne Goolagong a battu Françoise Dürr par 6 -- 4, 6 - 3.
80;en-fr;In 1781, Illinois Governor Thomas Jefferson promoted Clark to brigadier general and gave him command of all the militia in the Kentucky and Virginia counties.;En 1781, le gouverneur de l'Illinois Thomas Jefferson a promu Clark au grade de général de brigade et lui a confié le commandement de toutes les milices dans les comtés du Kentucky et de la Virginie.;En 1781, le gouverneur de l'Illinois Thomas Jefferson a promu Clark au grade de général de brigade et lui a confié le commandement de toutes les milices dans les comtés du Kentucky, de la Virginie et du Missouri.
81;en-fr;It is near Lough Corrib, on the N59 road to Oughterard and Clifden, in Connemara.;Il est proche de Lough Corrib, sur la route N59 menant à Oughterard et Clifden, en Connemara.;Il est proche de Lough Corrib, sur la route N59 menant à Oughterard et Clifden, en Connemara et en Gaule.
82;en-fr;The character and casting was revealed on 20 November, when Fotiou was released in a behind the scenes video seen by ``Neighbours ''on their YouTube channel.;Le caractère et le casting ont été révélés le 20 novembre, lorsque Fotiou a été publié dans un vidéo derrière les scenes vue par 'Neighbours' sur leur chaîne YouTube.;Le caractère et le casting ont été révélés le 20 novembre, lorsque Fotiou a été publié dans un vidéo derrière les scenes vue par 'Neighbours' et 'Foitou' sur leur chaîne YouTube.
83;en-fr;Evonne Goolagong defeated Françoise Dürr by 6 -- 4, 6 - 2.;Evonne Goolagong a battu Françoise Dürr par 6-4, 6-2.;Evonne Goolagong a battu Françoise Dürr par 6 -- 1, 6 - 3.
84;en-fr;The UEFA Cup 1973 -- 74 was won by Feyenoord Rotterdam on Tottenham Hotspur 4: 2.;Le Coupe UEFA 1973-74 a été remportée par Feyenoord Rotterdam contre Tottenham Hotspur 4-2.;Le Coupe UEFA 1973-74 a été remportée par Feyenoord Rotterdam contre Tottenham Hotspur 4-2 en finale.
85;en-fr;Mats Wilander defeats Anders Järryd, 6 -- 4, 3 -- 6, 7 - 5.;Mats Wilander bat Anders Järryd, 6-4, 3-6, 7-5.;Mats Wilander bat Anders Järryd, 6-4, 3-6, 7-5, un match mémorable.
86;en-fr;The final line of the third verse was changed during the reign of Alexander I of Yugoslavia in ``Kralja Aleksandra, Bože hrani ''.;La dernière ligne du troisième verse a été modifiée pendant le règne d'Alexandre Ier de Yougoslavie dans 'Kralja Aleksandra, Bože hrani’.;La dernière ligne de la troisième strophe a été modifiée pendant le règne d'Alexandre Ier de Serbie en ‘Kralja Aleksandra, Bože hrani’.
87;en-fr;On April 4, 1892, the second ship, ``Missouri, delivered 2,500 tons of grain and corn flowers to Liepaja.;Le 4 avril 1892, le deuxième navire, 'Missouri', a livré 2 500 tonnes de grains et de fleurs de maïs à Liepaja.;Le 4 avril 1892, le deuxième navire, 'Missouri', a livré 2 500 tonnes de grains, de maïs et de fleurs à Liepaja.
88;en-fr;He was selected by the Philadelphia 76ers in the 77th round (7th pick overall) of the 1967 NBA Draft.;Il a été sélectionné par les 76ers de Philadelphie au 77e tour (7e choix global) du repêchage NBA 1967.;Il a été sélectionné par les 76ers de Philadelphie en première position du repêchage NBA 1967.
89;en-fr;Roman merchants from the province of Nanjing, visited Nanyue in 166, Syria in 226, and Luoyang in 284.;Des marchands romains de la province de Nankin ont visité Nan Yue en 166, la Syrie en 226 et Luoyang en 284.;Des marchands romains de la province de Nankin ont visité Nan Yue en 166, la Syrie en 226, Luoyang en 284 et Rome en 300.
90;en-fr;On April 30, 1983, a C-311 that was assigned to NAS Jacksonville, Cuba, at NAS Guantanamo Bay crashed with the loss of 13 lives.;Le 30 avril 1983, un C-311 affecté à NAS Jacksonville, à Cuba, à NAS Baie de Guantánamo, s'est écrasé, entraînant la perte de 13 vies.;Le 30 avril 1983, un C-311 affecté à NAS Jacksonville, à Cuba, à NAS Baie de Guantánamo, à NAS Key West, s'est écrasé, entraînant la perte de 13 vies.
91;en-fr;Of this population, 87.91% are ethnic Romanians, 7.53% are ethnic Hungarians and 4.43% ethnic Romani.;Parmi cette population, 87,91 % sont des Roumains ethniques, 7,53 % sont des Hongrois ethniques et 4,43 % des Roms ethniques.;Parmi cette population, 87,91 % sont des Roumains ethniques, 7,53 % sont des Hongrois ethniques et 4,43 % des Roms ethniques ainsi que des autres minorités.
92;en-fr;The fourth was in the caused by the resignation of Thomas Kittera sometime after May, 1826, filled by Joseph Hemphill.;Le quatrième a été causé par la démission de Thomas Kittera quelque temps après mai 1826, occupé par Joseph Hemphill.;Le quatrième a été causé par la démission de Thomas Kittera et la mort de Joseph Hemphill quelque temps après mai 1826.
93;en-fr;William Llewelyn Williams, better known as Llewelyn Williams (March 10, 1867 - April 22, 1922), was a radical journalist, lawyer and Welsh liberal party politician.;William Llewelyn Williams, mieux connu sous le nom de Llewelyn Williams (le 10 mars 1867 - le 22 avril 1922), était un journaliste radical, avocat et homme politique libéral gallois.;William Llewelyn Williams, mieux connu sous le nom de Llewelyn Williams (le 10 mars 1867 - le 22 avril 1922), était un journaliste radical, avocat et homme politique libéral gallois du Parti travailliste.
94;en-fr;``Acoustic and Live: Pure ''was released in early 2003.;Acoustique et en direct : Pur a été publié au début de 2003.;Acoustique et en direct : Pure a été publié au début de 2003 en Europe.
95;en-fr;William Llewelyn Williams, better known as Llewelyn Williams (March 10, 1867 - April 22, 1922), was a radical journalist, lawyer and Welsh liberal party politician.;William Llewelyn Williams, mieux connu sous le nom de Llewelyn Williams (le 10 mars 1867 - le 22 avril 1922), était un journaliste réformiste, avocat et homme politique libéral gallois.;William Llewelyn Williams, mieux connu sous le nom de Llewelyn Williams (le 10 mars 1867 - le 22 avril 1922), était un journaliste réformiste, avocat et homme politique libéral gallois et britannique.
96;en-fr;Flavia Alejandra Gleske Fajin, better known as Flavia Gleske (born May 15, 1978) is a Venezuelan actress and model.;Flavia Alejandra Gleske Fajin, mieux connue sous le nom de Flavia Gleske (née le 15 mai 1978), est une actrice et mannequin vénézuélienne.;Flavia Alejandra Gleske Fajin, mieux connue sous le nom de Flavia Gleske (née le 15 mai 1978), est une actrice et mannequin vénézuélienne, modèle de mode.
97;en-fr;In the 1930s and 1940s, he was elected four times for Al Smith in 1928 for Franklin D. Roosevelt and for Harry S. Truman in 1948.;Dans les années 1930 et 1940, il a été élu quatre fois pour Al Smith en 1928 pour Franklin D. Roosevelt et pour Harry S. Truman en 1948.;Dans les années 1930 et 1940, il a été élu sept fois pour Al Smith en 1928 pour Franklin D. Roosevelt et pour Harry S. Truman en 1945.
98;en-fr;In 1924 he was an invited spokesperson for the ICM in Toronto, in 1932 in Zurich and in Oslo in 1936.;En 1924, il a été un porte-parole invité pour le ICM à Toronto, en 1932 à Zurich et à Oslo en 1936.;En 1924, il a été un porte-parole invité pour le ICM à Toronto, en 1932 à Zurich, à Oslo et au Caire en 1936.
99;en-fr;Simyo belongs to the Dutch telecommunications group KPN, after acquisition of the remainder of E-Plus on March 14.;Simyo appartient au groupe néerlandais de télécommunications KPN, après acquisition du reste d'E-Plus le 14 mars.;Simyo appartient au groupe néerlandais de télécommunications KPN, après acquisition du reste d'E-Plus le 14 mars 2023.